{
    "$schema":"json-schema.json",
    "graph": 
    {
      "id": "name-of-decision-tree",
      "nodes": 
      [
        {
            "id":"0", 
            "name": "Name of decision tree",
            "type": "root"
        },
        {
            "id":"1",
            "name":"Name of your (first) parameter",
            "type":"node"
        },
        {
            "id":"2",
            "name":"Name of your second parameter or first inner node",
            "type":"node"
        },
        {
            "id":"3",
            "name":"",
            "type":"node"
        },
        {
            "id":"4",
            "name":"",
            "type":"node"
        },
        {
            "id":"5",
            "name":"",
            "type":"node"
        },    
        {
            "id":"",
            "name":"Name of a leaf/thematic map of the decision tree",
            "type":"leaf",
            "imgpath":"path to the image of your thematic map",
            "description":"description of the thematic map"
        },
        {
            "id":"",
            "name":"",
            "type":"leaf",
            "imgpath":"",
            "description":""
        },
          {
            "id":"",
            "name":"",
            "type":"leaf",
            "imgpath":"",
            "description":""
        },
        {
            "id":"",
            "name":"",
            "type":"leaf",
            "imgpath":"",
            "description":""
        }
      ],
      "edges": 
      [
        {
            "source": "0",
            "target": "1",
            "type":"parameter"
        },
        {
            "source": "",
            "target": "",
            "type": "superclass"
        },
        {
            "source": "",
            "target": "",
            "type": "superclass"
        },
        {
            "source": "",
            "target": "",
            "type": "superclass"
        },
        {
            "source": "",
            "target": "",
            "type": "superclass"
        },
        {
            "source": "",
            "target": "",
            "type": "superclass"
        },
        {
            "source": "",
            "target": "",
            "type": "superclass"
        },
        {
            "source": "",
            "target": "",
            "type": "superclass"
        },
        {
            "source": "",
            "target": "",
            "type": "superclass"
        },	 
        {
            "source": "",
            "target": "",
            "type": "meaningful"
        },
        {
            "source": "",
            "target": "",
            "type": "meaningful"
        },
        {
            "source": "",
            "target": "",
            "type": "meaningful"
        },
        {
            "source": "",
            "target": "",
            "type": "meaningful"
        }	  
      ]
    }
  }